<?xml version="1.0" encoding="UTF-8"?>
<!DOCTYPE hibernate-mapping PUBLIC     
    "-//Hibernate/Hibernate Mapping DTD 3.0//EN" "http://www.hibernate.org/dtd/hibernate-mapping-3.0.dtd"> 
    
<hibernate-mapping>
	<class name="com.ldu.model.User" table="users">
		<id name="id">
			<generator class="native"></generator>
		</id>
		<property name="username" column="username" type="string"></property>
		<property name="password" column="password" type="string"></property>
		<property name="name" column="name" type="string"></property>
		<property name="sex" column="sex" type="string"></property>
		<property name="age" column="age" type="int"></property>
		
	</class>
</hibernate-mapping>