<?xml version='1.0' encoding='UTF-8'?>
<!DOCTYPE hibernate-configuration PUBLIC
          "-//Hibernate/Hibernate Configuration DTD 3.0//EN"
          "http://www.hibernate.org/dtd/hibernate-configuration-3.0.dtd">
<!-- Generated by MyEclipse Hibernate Tools. -->
<hibernate-configuration>

	<session-factory>
		<property name="myeclipse.connection.profile">MysqlDB</property>
		<property name="dialect">
			org.hibernate.dialect.MySQLDialect
		</property>
		<property name="connection.password">123456</property>
		<property name="connection.username">root</property>
		<property name="hibernate.connection.url">
			<![CDATA[jdbc:mysql://localhost:3306/douban?useUnicode=true&characterEncoding=utf8]]>
		</property>

		<property name="connection.driver_class">
			com.mysql.jdbc.Driver
		</property>
		<property name="show_sql">true</property>
		<property name="format_sql">true</property>
		<mapping resource="com/ldu/model/User.hbm.xml" />
		<mapping class="com.ldu.model.Movies" />
		<mapping class="com.ldu.model.Comments" />
		<mapping class="com.ldu.model.Collections" />
	</session-factory>

</hibernate-configuration>