<?xml version="1.0" encoding="UTF-8" ?>
<!DOCTYPE struts PUBLIC "-//Apache Software Foundation//DTD Struts Configuration 2.1//EN" "http://struts.apache.org/dtds/struts-2.1.dtd">

<struts>
	<package name="login" extends="struts-default,json-default"
		namespace="/">
		<action name="LoginAction" class="com.ldu.action.LoginAction">
			<result name="success" type="json">
				<param name="root">result</param>
			</result>
		</action>
		<action name="RegisterAction" class="com.ldu.action.RegisterAction">
			<result name="success" type="json">
				<param name="root">result</param>
			</result>
		</action>
		<action name="LogoutAction" class="com.ldu.action.LogoutAction">
			<result name="success">/login.jsp</result>
		</action>
		<action name="MainAction" class="com.ldu.action.Main">
			<result name="success">/index.jsp</result>
		</action>
		<action name="CommentAction" class="com.ldu.action.CommentAction">
			<result name="success" type="json">
				<param name="root">result</param>
			</result>
		</action>
		<action name="SearchAction" class="com.ldu.action.SearchAction">
			<result name="success" type="json">
				<param name="root">result</param>
			</result>
		</action>
		<action name="adminSearchAction" class="com.ldu.action.adminSearchAction">
			<result name="search_success">/Admin/SearchResult.jsp</result>
		</action>
		<action name="filmDetailAction" class="com.ldu.action.filmDetail">
			<result name="success">/filmDetail.jsp</result>
		</action>
		<action name="InfoAction" class="com.ldu.action.InfoAction">
			<result name="success">/userinfo.jsp</result>
		</action>
		<action name="UpdateinfoAction" class="com.ldu.action.Updateinfo">
			<result name="success">/main.jsp</result>
		</action>
		<!-- 管理员模块Action -->
		<action name="adminLogin" class="com.ldu.action.LoginAction" method="adminLogin">
			<result name="Success">/Admin/login_success.jsp</result>
		</action>
		<!-- 查看用户信息Action -->
		<action name="Look_UserInfo" class="com.ldu.action.UserInfoAction" method="Look_UserInfo">
			<result name="LookInfo_success">/Admin/Look_UserInfo.jsp</result>
		</action>
		
		<!-- 删除用户信息 -->
		<action name="DeleteUser" class="com.ldu.action.UserInfoAction" method="DeleteUser">
			<result name="Delete_User_success">/Admin/Delete_User_success.jsp</result>
		</action>
		
		<!-- 管理电影信息Action -->
		<action name="Look_MoviesInfo" class="com.ldu.action.MoviesInfoAction" method="Look_MoviesInfo">
			<result name="Look_MoviesInfo_success">/Admin/Look_MoviesInfo.jsp</result>
		</action>
		<!-- 删除电影信息 -->
		<action name="Delete_Movies" class="com.ldu.action.MoviesInfoAction" method="Delete_Movies">
			<result name="Delete_Movies_success">/Admin/Delete_Movies_success.jsp</result>
		</action>
		
		<!-- 设置选中的电影信息 -->
		<action name="Set_Movies" class="com.ldu.action.MoviesInfoAction" method="Set_Movies">
			<result name="Set_Movies_success">/Admin/Update_Movies.jsp</result>
		</action>
		
		<!-- 修改电影资讯 -->
		<action name="moviesUpdate" class="com.ldu.action.MoviesInfoAction" method="moviesUpdate">
			<result name="UpdateMoviesSuccess">/Admin/UpdateMoviesSuccess.jsp</result>
		</action>
		
		<!-- 发布电影资讯 -->
		<action name="Upload_Movies" class="com.ldu.action.MoviesInfoAction" method="Upload_Movies">
				<result name="Upload_Movies_success">/Admin/Upload_Movies_success.jsp</result>
		</action>
		
		 <action name="CommentManage" class="com.ldu.action.CommentManageAction" method="CommentManage">
			<result name="Look_Comment_success">/Admin/Look_Comment.jsp</result>
		</action>
		<!-- 删除评论 -->
		<action name="DeleteComment" class="com.ldu.action.CommentManageAction" method="DeleteComment">
			<result name="DeleteComment_success">/Admin/DeleteComment_success.jsp</result>
		</action>
		
		<!-- SearchInfo查询操作Action -->
		<!-- 
		<action>
		
		</action>
		 -->
		 
<!-- 管理员模块Action 结束 -->
	</package>
</struts>    
